{
  "epochs": [
    1,
    2,
    3,
    4,
    5,
    6,
    7,
    8,
    9,
    10,
    11,
    12,
    13,
    14,
    15,
    16,
    17,
    18,
    19,
    20,
    21,
    22,
    23,
    24,
    25,
    26,
    27,
    28,
    29,
    30,
    31,
    32,
    33,
    34,
    35,
    36,
    37,
    38,
    39,
    40,
    41,
    42,
    43,
    44,
    45,
    46,
    47,
    48,
    49,
    50,
    51,
    52,
    53,
    54,
    55,
    56,
    57,
    58,
    59,
    60,
    61,
    62,
    63,
    64,
    65,
    66,
    67,
    68,
    69,
    70,
    71,
    72,
    73,
    74,
    75,
    76,
    77,
    78,
    79,
    80
  ],
  "train_loss": [
    2.3463330118245977,
    1.5488577760675901,
    1.3040907362135508,
    1.1891603984179036,
    1.189118386116079,
    1.1222681574603564,
    1.041274817480195,
    1.0060628342532343,
    0.9626685869629665,
    0.9146775462294138,
    0.8746466649475918,
    0.8682783123466277,
    0.8288456949815955,
    0.8255185640306884,
    0.7839330894652233,
    0.8198126283704593,
    0.7684108984246049,
    0.7830695682155189,
    0.7650379273359493,
    0.7618199334509911,
    0.7262474047320504,
    0.7131106843070317,
    0.7055771135354555,
    0.6841533198471992,
    0.7042864895956491,
    0.6705563397256917,
    0.6812781401138793,
    0.6904535735005973,
    0.6481781807798211,
    0.681588333260308,
    0.6688898126444509,
    0.6316689723521791,
    0.6147071584979052,
    0.6350848527164549,
    0.6372966688246496,
    0.637915790842105,
    0.6144523547701938,
    0.6228435289074656,
    0.6179580446933547,
    0.5906173942550537,
    0.6287007455623919,
    0.6051992042570986,
    0.5710691294923265,
    0.5619612675440567,
    0.5828948285510783,
    0.5955205682104313,
    0.551543099545343,
    0.5442168895675931,
    0.5401385435934669,
    0.575077812477786,
    0.5477571341219127,
    0.5521273298529528,
    0.5563499805747821,
    0.5291957628302356,
    0.5117286535841162,
    0.5505025788981427,
    0.5686608520486662,
    0.554173525943551,
    0.5478788604659419,
    0.5674209315530074,
    0.5429109785986203,
    0.512012322303108,
    0.5239425680890519,
    0.5052600914151758,
    0.5289861082790359,
    0.5278975742077956,
    0.48268992335645744,
    0.5104267985950555,
    0.5184386677799686,
    0.4913585202027393,
    0.5142131084876675,
    0.5064403797269509,
    0.48627138370147316,
    0.4923576888458062,
    0.493862967317303,
    0.48168723489488324,
    0.47206490204459234,
    0.4755964898854815,
    0.5068632134747121,
    0.48004096734427637
  ],
  "train_pixel_accuracy": [
    37.84567233781322,
    62.65638568777021,
    66.75113733365882,
    68.71904716696926,
    67.68413222408653,
    70.10243474788554,
    71.656677994476,
    72.94065942148167,
    72.9191025282698,
    74.50031678046668,
    75.25539286527098,
    75.11999149251626,
    76.02224576115374,
    76.83824368991736,
    77.58409812424608,
    77.00373731791436,
    77.87022516986818,
    77.92667978643088,
    75.44293227680048,
    77.0223797947296,
    79.0025097397056,
    79.6003335404705,
    79.50674283358006,
    79.05327022378661,
    79.39979826740414,
    80.16667439414906,
    80.56036241671133,
    80.90748723741518,
    81.39383643084777,
    79.96941916492017,
    80.61482649358508,
    81.02619372500969,
    81.11888397221583,
    81.1650508917175,
    81.11034508089918,
    81.23998666728762,
    81.50624789348969,
    82.3617227670518,
    81.2291265004876,
    82.49009552214162,
    81.49299343547857,
    82.29743547663922,
    82.78465805962658,
    83.46219220441895,
    82.03794303286773,
    82.34223592182914,
    83.06327646343712,
    83.0658384552218,
    83.51057667002243,
    82.63904615498868,
    83.12861475950984,
    83.82798498380917,
    82.54651283348434,
    83.3446537314809,
    83.27383393376844,
    83.8847058042628,
    83.0743643206294,
    82.96804158437581,
    82.70503149879875,
    83.343210452602,
    83.71732827544092,
    84.42224691242544,
    84.49263526028001,
    83.95333399240582,
    83.50013940246309,
    83.96163485178438,
    84.67213102549319,
    83.96143876217968,
    84.30424919292841,
    84.34169020847531,
    83.97870570567412,
    84.87628614706347,
    84.960071078821,
    85.16982910931665,
    84.59888217225829,
    85.18632488512225,
    85.07586599839344,
    85.36034678604865,
    84.65461487961079,
    84.86686232520006
  ],
  "val_epochs": [
    10,
    20,
    30,
    40,
    50,
    60,
    70,
    80
  ],
  "val_loss": [
    1.3724923171694317,
    1.2975502875116136,
    0.9711669484774271,
    0.9684648797625587,
    0.8574089970853593,
    0.8557501506237757,
    0.931392616695828,
    0.8993781748272124
  ],
  "val_miou": [
    0.001016,
    0.003303,
    0.001037,
    0.021528,
    0.00323,
    0.000538,
    0.000416,
    0.003741
  ],
  "val_pixel_accuracy": [
    60.31159596764591,
    73.20290817007061,
    80.26151253224913,
    81.31710246270977,
    79.77929607682455,
    80.62139647627109,
    82.42441390419273,
    75.83418008878773
  ]
}